{
  "current-scene": "2f37d26e-3f9d-4040-9319-956c221dd57e",
  "gizmos-infos": {
    "iconGizmoSize": 2,
    "isGridVisible": true,
    "isIconGizmo3D": false
  },
  "camera-infos": {
    "2f37d26e-3f9d-4040-9319-956c221dd57e": {
      "position": {
        "x": 512.8308516615375,
        "y": 355.54270720191585,
        "z": 26.107354226632864
      },
      "rotation": {
        "w": -0.8768970644276235,
        "x": 0.2009607496852828,
        "y": -0.4260784347392975,
        "z": -0.09468238080039702
      },
      "viewCenter": {
        "x": 70.33058216953947,
        "y": 85.2951818192576,
        "z": -320.79611332425264
      }
    },
    "9433835e-7716-4869-a589-a3b2f6ec151f": {
      "position": {
        "x": 50,
        "y": 50,
        "z": 50
      },
      "rotation": {
        "w": -0.8804762392171493,
        "x": 0.27984814233312133,
        "y": -0.3647051996310009,
        "z": -0.11591689595929514
      },
      "viewCenter": {
        "x": 0,
        "y": 0,
        "z": 0
      }
    },
    "f46876e4-e81b-4931-b493-6d367be385e7": {
      "position": {
        "x": 4.470569018159744,
        "y": 15.543889112476739,
        "z": -98.5363360754834
      },
      "rotation": {
        "w": -0.5591968898583585,
        "x": 0.44441702554283097,
        "y": -0.5738812747915631,
        "z": -0.3867531305511739
      },
      "viewCenter": {
        "x": -25.2911072097411,
        "y": -78.40772796232342,
        "z": -92.0893587665206
      }
    }
  },
  "camera-uuids": [
    "2f37d26e-3f9d-4040-9319-956c221dd57e"
  ]
}
