{
  "current-scene": "2f37d26e-3f9d-4040-9319-956c221dd57e",
  "gizmos-infos": {
    "iconGizmoSize": 2,
    "isGridVisible": true,
    "isIconGizmo3D": false
  },
  "camera-infos": {
    "2f37d26e-3f9d-4040-9319-956c221dd57e": {
      "position": {
        "x": 472.5396097107681,
        "y": 347.9316218469042,
        "z": -4.8124161125503635
      },
      "rotation": {
        "w": 0.35661431362890245,
        "x": -0.2583378629843495,
        "y": -0.7296566943837145,
        "z": -0.5223011512134526
      },
      "viewCenter": {
        "x": 473.4311978823475,
        "y": 344.56366206513957,
        "z": -4.103687256091919
      }
    },
    "9433835e-7716-4869-a589-a3b2f6ec151f": {
      "position": {
        "x": 50,
        "y": 50,
        "z": 50
      },
      "rotation": {
        "w": -0.8804762392171493,
        "x": 0.27984814233312133,
        "y": -0.3647051996310009,
        "z": -0.11591689595929514
      },
      "viewCenter": {
        "x": 0,
        "y": 0,
        "z": 0
      }
    },
    "f46876e4-e81b-4931-b493-6d367be385e7": {
      "position": {
        "x": 4.470569018159744,
        "y": 15.543889112476739,
        "z": -98.5363360754834
      },
      "rotation": {
        "w": -0.5591968898583585,
        "x": 0.44441702554283097,
        "y": -0.5738812747915631,
        "z": -0.3867531305511739
      },
      "viewCenter": {
        "x": -25.2911072097411,
        "y": -78.40772796232342,
        "z": -92.0893587665206
      }
    }
  },
  "camera-uuids": [
    "2f37d26e-3f9d-4040-9319-956c221dd57e"
  ],
  "float-window": {
    "position": {
      "cc": {
        "ParticleSystemComponent": {
          "bottom": null,
          "dock": false,
          "left": 0,
          "right": null,
          "top": 0
        }
      }
    }
  }
}
